institution_name,institution_name_english,pretty_url,country,part_of,institution_type,institution_website,institution_wikidata,first_open_access_instance,first_open_access_instance_citation,open_access_scope,open_access_policy,tk_tce_policy,rights_statement_compliance,rights_statement_metadata,rights_statement_metadata_url,admission_policy,institution_api,institution_github,open_data_volume_total,open_data_volume_name0,open_data_volume_number0,open_data_volume_url0,open_data_volume_name1,open_data_volume_number1,open_data_volume_url1,open_data_volume_name2,open_data_volume_number2,open_data_volume_url2,open_data_volume_name3,open_data_volume_number3,open_data_volume_url3,open_data_volume_name4,open_data_volume_number4,open_data_volume_url4,open_data_volume_name5,open_data_volume_number5,open_data_volume_url5
Amgueddfa Cymru,Museum Wales,https://survey.glamelab.org/institutions/amgueddfa-cymru,United Kingdom,,Museum,https://museum.wales/,https://www.wikidata.org/wiki/Q2046319,2025-10-01,https://www.museumsassociation.org/museums-journal/news/2025/10/new-digital-image-library-for-amgueddfa-cymru-museum-wales/,All eligible data,https://images.museumwales.ac.uk/terms?WINID=1760459114849,,Public domain,,,Free,,,0,,,,,,,,,,,,,,,,,,
Biodiversity Heritage Library,Biodiversity Heritage Library,https://survey.glamelab.org/institutions/biodiversity-heritage-library,International,,Aggregator,https://www.biodiversitylibrary.org,https://www.wikidata.org/wiki/Q172266,,,Some eligible data,,,Public domain,None,,None,,https://github.com/ropensci/rbhl,624158,Flickr,319661,https://www.flickr.com/photos/biodivlibrary/albums,Wikimedia Commons,304497,https://commons.wikimedia.org/wiki/Category:Files_from_the_Biodiversity_Heritage_Library,,,,,,,,,,,,
Geldersch Landschap & Kasteelen,Geldersch Landschap & Kasteelen,https://survey.glamelab.org/institutions/geldersch-landschap-and-kasteelen,Netherlands,,Visitor attraction,https://www.glk.nl/,https://www.wikidata.org/wiki/Q98904445,,,Some eligible data,,,Public domain,None,,None,,,11790,Europeana,5699,https://www.europeana.eu/search?page=1&qf=COUNTRY%3A%22Netherlands%22&qf=DATA_PROVIDER%3A%22Geldersch%20Landschap%20%5C%26%20Kasteelen%22&reusability=open,CollectieGelderland.nl,6091,https://www.collectiegelderland.nl/zoeken?term=&page=1&filter=search_s_participant-Geldersch%20Landschap%20%26%20Kasteelen,,,,,,,,,,,,
Kasteel Huis Bergh,Castle Huis Bergh,https://survey.glamelab.org/institutions/kasteel-huis-bergh,Netherlands,,Visitor attraction,https://huisbergh.nl,https://www.wikidata.org/wiki/Q99370641,,,Some eligible data,,,Public domain,None,,None,,,3104,Europeana,1552,https://www.europeana.eu/collections/organisation/1482250000004506282-castle-huis-bergh?page=1&reusability=open,CollectieGelderland.nl,1552,https://www.collectiegelderland.nl/zoeken?term=&page=1&filter=search_s_has_media-Ja&filter=search_s_participant-Kasteel%20Huis%20Bergh,,,,,,,,,,,,
Museum Het Pakhuis,Museum Het Pakhuis,https://survey.glamelab.org/institutions/museum-het-pakhuis,Netherlands,,Museum,https://hetpakhuisermelo.nl/,https://www.wikidata.org/wiki/Q56459673,,,Some eligible data,,,Open,None,,Paid,,,501,Europeana,236,https://www.europeana.eu/collections/organisation/1482250000004510511-museum-het-pakhuis?page=1&reusability=open,CollectieGelderland.nl,265,https://www.collectiegelderland.nl/zoeken?term=&page=1&filter=search_s_has_media-Ja&filter=search_s_participant-Museum%20Het%20Pakhuis,,,,,,,,,,,,
Museum Vliegbasis Deelen,Museum Vliegbasis Deelen,https://survey.glamelab.org/institutions/museum-vliegbasis-deelen,Netherlands,,Museum,https://www.museumdeelen.nl/,https://www.wikidata.org/wiki/Q98893863,,,Some eligible data,,,Open,None,,Paid,,,8382,Own website,7729,https://www.archief.museumdeelen.nl/?mode=gallery&view=horizontal&sort=random%7B1643818851706%7D%20asc,Europeana,235,https://www.europeana.eu/search?page=1&qf=DATA_PROVIDER%3A%22Deelen%20Airbase%20Museum%22&query=deelen&reusability=open&view=grid,CollectieGelderland.nl,418,https://www.collectiegelderland.nl/zoeken?term=&page=1&filter=search_s_has_media-Ja&filter=search_s_participant-Museum%20Vliegbasis%20Deelen,,,,,,,,,
Nationaal Orgelmuseum,National Organ Museum,https://survey.glamelab.org/institutions/nationaal-orgelmuseum,Netherlands,,Museum,https://www.nationaalorgelmuseum.nl,https://www.wikidata.org/wiki/Q28151370,,,Some eligible data,,,Public domain,None,,Paid,,,5822,Europeana,2707,https://www.europeana.eu/en/search?page=1&qf=COUNTRY%3A%22Netherlands%22&qf=DATA_PROVIDER%3A%22National%20Organ%20Museum%22&query=&reusability=open,CollectieGelderland.nl,3115,https://www.collectiegelderland.nl/zoeken?term=&page=1&filter=search_s_has_media-Ja&filter=search_s_participant-Nationaal%20Orgelmuseum,,,,,,,,,,,,
Openluchtmuseum,Open Air Museum,https://survey.glamelab.org/institutions/openluchtmuseum,Netherlands,,Museum,https://openluchtmuseum.nl,https://www.wikidata.org/wiki/Q674449,,,Some eligible data,,,Open,None,,Paid,,,53921,Europeana,10059,https://www.europeana.eu/collections/organisation/1482250000004511855-dutch-open-air-museum?page=1&reusability=open,CollectieGelderland.nl,43862,https://www.collectiegelderland.nl/zoeken?term=&page=1&filter=search_s_has_media-Ja&filter=search_s_participant-Nederlands%20Openluchtmuseum,,,,,,,,,,,,
NOC*NSF,NOC*NSF,https://survey.glamelab.org/institutions/noc-nsf,Netherlands,,Other,https://www.nocnsf.nl,https://www.wikidata.org/wiki/Q1650156,,,Some eligible data,,,Public domain,None,,None,,,6990,Europeana,2738,https://www.europeana.eu/search?query=&qf=COUNTRY%3A%22Netherlands%22&qf=DATA_PROVIDER%3A%22The%20Dutch%20Olympic%20Committee%2C%20Dutch%20Sports%20Federation%22&reusability=open,CollectieGelderland.nl,4252,https://www.collectiegelderland.nl/zoeken?term=&page=1&filter=search_s_has_media-Ja&filter=search_s_participant-NOC*NSF,,,,,,,,,,,,
Regionaal Archief Nijmegen,Regional Archive Nijmegen,https://survey.glamelab.org/institutions/regionaal-archief-nijmegen,Netherlands,,Archive,https://regionaalarchiefnijmegen.nl,https://www.wikidata.org/wiki/Q15881190,,,Some eligible data,,,Open,None,,None,,,117843,Europeana,47924,https://www.europeana.eu/collections/organisation/1482250000004513279-regional-archive-nijmegen?&reusability=open,CollectieGelderland.nl,69919,https://www.collectiegelderland.nl/zoeken?term=&page=1&filter=search_s_participant-Regionaal%20Archief%20Nijmegen,,,,,,,,,,,,
Regionaal Archief Zutphen,Regional Archive Zutphen,https://survey.glamelab.org/institutions/regionaal-archief-zutphen,Netherlands,,Archive,https://www.regionaalarchiefzutphen.nl,https://www.wikidata.org/wiki/Q76885143,,,Some eligible data,,,Open,None,,None,,,76060,Europeana,31206,https://www.europeana.eu/collections/organisation/1482250000004513282-zutphen-regional-archive?page=1&reusability=open,CollectieGelderland.nl,44854,https://www.collectiegelderland.nl/zoeken?term=&page=1&filter=search_s_has_media-Ja&filter=search_s_participant-Regionaal%20Archief%20Zutphen,,,,,,,,,,,,
Rijksmuseum van Oudheden,National Museum of Antiquities,https://survey.glamelab.org/institutions/rijksmuseum-van-oudheden,Netherlands,,Museum,https://www.rmo.nl,https://www.wikidata.org/wiki/Q1860378,,,All eligible data,https://www.rmo.nl/onderzoek/fotoservice/,,Public domain,None,,Paid,,,149123,Own website,140000,https://www.rmo.nl/collectie/collectiezoeker,CollectieGelderland.nl,9123,https://www.collectiegelderland.nl/zoeken?term=&page=1&filter=search_s_has_media-Ja&filter=search_s_participant-Rijksmuseum%20van%20Oudheden,,,,,,,,,,,,
Stadsmuseum Harderwijk,City Museum Harderwijk,https://survey.glamelab.org/institutions/stadsmuseum-harderwijk,Netherlands,,Museum,https://www.stadsmuseum-harderwijk.nl/,https://www.wikidata.org/wiki/Q56459713,,,Some eligible data,,,Open,None,,N/A,,,2,Europeana,1,https://www.europeana.eu/en/search?page=1&qf=COUNTRY%3A%22Netherlands%22&qf=DATA_PROVIDER%3A%22City%20Museum%20Harderwijk%22&query=&reusability=open,CollectieGelderland.nl,1,https://www.collectiegelderland.nl/zoeken?term=&page=1&filter=search_s_participant-Stadsmuseum%20Harderwijk,,,,,,,,,,,,
Stedelijk Museum Zutphen,Stedelijk Museum Zutphen,https://survey.glamelab.org/institutions/stedelijk-museum-zutphen,Netherlands,,Museum,https://www.museazutphen.nl,https://www.wikidata.org/wiki/Q2736515,,,Some eligible data,,,Public domain,CC0,https://www.collectiegelderland.nl/disclaimer,Paid,,,14877,Europeana,6849,https://www.europeana.eu/collections/organisation/1482250000004514757-city-museum-zutphen?page=1&reusability=open,CollectieGelderland.nl,8028,https://www.collectiegelderland.nl/zoeken?term=&page=1&filter=search_s_has_media-Ja&filter=search_s_participant-Stedelijk%20Museum%20Zutphen,,,,,,,,,,,,
Vrijheidsmuseum,Freedom Museum,https://survey.glamelab.org/institutions/vrijheidsmuseum,Netherlands,,Museum,https://vrijheidsmuseum.nl,https://www.wikidata.org/wiki/Q1869397,,,Some eligible data,,,Open,None,,Paid,,,1102,Europeana,547,https://www.europeana.eu/search?query=&qf=COUNTRY%3A%22Netherlands%22&qf=DATA_PROVIDER%3A%22Freedom%20Museum%22&reusability=open,CollectieGelderland.nl,555,https://www.collectiegelderland.nl/zoeken?term=&page=1&filter=search_s_participant-Vrijheidsmuseum,,,,,,,,,,,,
CODA Apeldoorn,CODA Apeldoorn,https://survey.glamelab.org/institutions/coda-apeldoorn,Netherlands,,Government,https://www.coda-apeldoorn.nl,https://www.wikidata.org/wiki/Q13447121,,,Some eligible data,,,Open,None,,None,,,40224,Europeana,40135,https://www.europeana.eu/search?page=1&query=coda%20apeldoorn&reusability=open,CollectieGelderland.nl,89,https://www.collectiegelderland.nl/zoeken?term=&page=1&filter=search_s_has_media-Ja&filter=search_s_participant-CODA,,,,,,,,,,,,
National Archives and Records Administration,National Archives and Records Administration,https://survey.glamelab.org/institutions/national-archives-and-records-administration,United States of America,,Archive,https://www.archives.gov,https://www.wikidata.org/wiki/Q518155,,,All eligible data,https://www.archives.gov/global-pages/privacy.html,,Public domain,None,,None,,,4875350,Own website,0,https://catalog.archives.gov,Wikimedia Commons,1931228,https://commons.wikimedia.org/wiki/Category:Media_contributed_by_the_National_Archives_and_Records_Administration,DPLA,2944122,https://dp.la/search?partner=%22National+Archives+and+Records+Administration%22&rightsCategory=%22Unlimited+Re-Use%22&type=%22image%22&page=1,,,,,,,,,
New York Public Library,New York Public Library,https://survey.glamelab.org/institutions/new-york-public-library,United States of America,,Library,https://www.nypl.org,https://www.wikidata.org/wiki/Q219555,2016,https://web.archive.org/web/20211225172000/https://www.nypl.org/blog/2016/01/05/share-public-domain-collections,All eligible data,https://www.nypl.org/help/about-nypl/legal-notices/website-terms-and-conditions,,Public domain,CC0,https://www.nypl.org/help/about-nypl/legal-notices/website-terms-and-conditions,None,https://api.repo.nypl.org/,https://github.com/NYPL-publicdomain/data-and-utilities,798564,Own website,314460,https://digitalcollections.nypl.org/search/index?filters%5Brights%5D=pd&keywords=,Flickr Commons,2525,https://www.flickr.com/photos/nypl/,DPLA,481579,https://dp.la/search?partner=%22The+New+York+Public+Library%22&rightsCategory=%22Unlimited+Re-Use%22&page=1,,,,,,,,,
"Universitetsbiblioteket, Lunds universitet","University Library, Lund University",https://survey.glamelab.org/institutions/universitetsbiblioteket-lunds-universitet,Sweden,Lund University,Library,https://www.ub.lu.se,https://www.wikidata.org/wiki/Q1129909,,,Some eligible data,,,Public domain,None,,None,,,61935,Alvin Portal,61935,https://www.alvin-portal.org/alvin/resultList.jsf?dswid=9075&af=%5B%22FREE_ONLINE%3Atrue%22%2C%22ARCHIVE_ORG_ID_facet%3A8%22%5D&p=1&fs=true&searchType=EXTENDED&sortString=relevance_sort_desc&noOfRows=10&query=&aq=%5B%5B%5D%5D&aqe=%5B%5D,,,,,,,,,,,,,,,
Uppsala universitetsbibliotek,Uppsala University Library,https://survey.glamelab.org/institutions/uppsala-universitetsbibliotek,Sweden,Uppsala University,Library,https://www.ub.uu.se,https://www.wikidata.org/wiki/Q2901382,,,Some eligible data,,,Public domain,None,,None,,,113582,DigitaltMuseum,113582,https://www.alvin-portal.org/alvin/resultList.jsf?dswid=9075&af=%5B%22FREE_ONLINE%3Atrue%22%2C%22ARCHIVE_ORG_ID_facet%3A3%22%5D&p=1&fs=true&searchType=EXTENDED&sortString=relevance_sort_desc&noOfRows=10&query=&aq=%5B%5B%5D%5D&aqe=%5B%5D,,,,,,,,,,,,,,,
Gustavianum,Gustavianum,https://survey.glamelab.org/institutions/gustavianum,Sweden,Uppsala University,Museum,https://www.gustavianum.uu.se,https://www.wikidata.org/wiki/Q1506922,,,Some eligible data,,,Public domain,None,,Paid,,,5862,Alvin Portal,5862,https://www.alvin-portal.org/alvin/resultList.jsf?dswid=8531&af=%5B%22ARCHIVE_ORG_ID_facet%3A28%22%2C%22FREE_ONLINE%3Atrue%22%5D&p=1&fs=true&searchType=EXTENDED&sortString=relevance_sort_desc&noOfRows=10&query=&aq=%5B%5B%5D%5D&aqe=%5B%5D,,,,,,,,,,,,,,,
"Institutionen för naturgeografi, Stockholms universitet","Department of Physical Geography, Stockholm University",https://survey.glamelab.org/institutions/institutionen-foer-naturgeografi-stockholms-universitet,Sweden,Stockholm University,University,https://www.natgeo.su.se,https://www.wikidata.org/wiki/Q18290964,,,Some eligible data,,,Public domain,None,,None,,,1393,Alvin Portal,1393,https://www.alvin-portal.org/alvin/resultList.jsf?dswid=9075&af=%5B%22FREE_ONLINE%3Atrue%22%2C%22ARCHIVE_ORG_ID_facet%3A15%22%5D&p=1&fs=true&searchType=EXTENDED&sortString=relevance_sort_desc&noOfRows=10&query=&aq=%5B%5B%5D%5D&aqe=%5B%5D,,,,,,,,,,,,,,,
"Folklivsarkivet med Skånes musiksamlingar, Lunds universitet","Folklife Archives with Skåne Music Collections, Lund University",https://survey.glamelab.org/institutions/folklivsarkivet-med-skanes-musiksamlingar-lunds-universitet,Sweden,Lund University,Archive,https://www.folklivsarkivet.lu.se,https://www.wikidata.org/wiki/Q18289866,,,Some eligible data,,,Public domain,None,,None,,,8410,Alvin Portal,8410,https://www.alvin-portal.org/alvin/resultList.jsf?dswid=-391&af=%5B%22ORG_PID%3Aalvin%5C%5C-organisation%5C%5C%3A2190%22%2C%22FREE_ONLINE%3Atrue%22%5D&p=1&fs=true&searchType=EXTENDED&sortString=relevance_sort_desc&noOfRows=50&query=Folklivsarkivet+med+Sk%C3%A5nes+musiksamlingar&aq=%5B%5B%7B%22A_FQ%22%3A%22Folklivsarkivet+med+Sk%C3%A5nes+musiksamlingar%22%7D%5D%5D&aqe=%5B%5D,,,,,,,,,,,,,,,
Saaremaa muuseum,Saaremaa Museum,https://survey.glamelab.org/institutions/saaremaa-muuseum,Estonia,,Museum,https://www.saaremaamuuseum.ee/,https://www.wikidata.org/wiki/Q12374495,,,Some eligible data,,,Public domain,None,,Paid,,,11578,Europeana,11578,https://www.europeana.eu/collections/organisation/1482250000046095246-saaremaa-museum?page=1&reusability=open,Muis.ee,0,https://www.muis.ee,,,,,,,,,,,,
Museo das Peregrinacións e de Santiago,Museum of Pilgrimages and Santiago,https://survey.glamelab.org/institutions/museo-das-peregrinacions-e-de-santiago,Spain,,Museum,https://museoperegrinacions.xunta.gal/gl,https://www.wikidata.org/wiki/Q15943410,,,Some eligible data,,,Public domain,None,,Information needed,,,20,Biblioteca Galiciana,20,https://biblioteca.galiciana.gal/es/consulta/resultados_busqueda_restringida.do?idOrigen=84334&tipoResultados=PAG&busq_bibfaceta=Museo+das+Peregrinaci%C3%B3ns+e+de+Santiago&descrip_bibfaceta=Museo+das+Peregrinaci%C3%B3ns+e+de+Santiago,,,,,,,,,,,,,,,
Schweizerisches Nationalmuseum,Swiss National Museum,https://survey.glamelab.org/institutions/schweizerisches-nationalmuseum,Switzerland,,Museum,https://www.nationalmuseum.ch,https://www.wikidata.org/wiki/Q2256718,,,Some eligible data,,,Open,None,,Paid,,,130,ZentralGut.ch,106,https://zentralgut.ch/nationalmuseum/,e-codices.unifr.ch,24,https://e-codices.unifr.ch/en/search/?iCurrentPage=1&sQueryString=&sSearchField=fullText&sSortField=score&aSelectedFacets,,,,,,,,,,,,
Rannarahva Muuseum,Coastal People's Museum,https://survey.glamelab.org/institutions/rannarahva-muuseum,Estonia,,Museum,https://rannarahvamuuseum.ee,https://www.wikidata.org/wiki/Q65262456,,,Some eligible data,,,Public domain,None,,Paid,,,1775,Europeana,1775,https://www.europeana.eu/collections/organisation/1482250000046129132-museum-of-coastal-folk?page=1&reusability=open,Muis.ee,0,https://www.muis.ee,,,,,,,,,,,,
Eesti Rahvusraamatukogu,National Library of Estonia,https://survey.glamelab.org/institutions/eesti-rahvusraamatukogu,Estonia,,Library,https://www.nlib.ee,https://www.wikidata.org/wiki/Q609471,,,Some eligible data,,,Open,None,,None,,,0,Muis.ee,0,https://www.muis.ee,,,,,,,,,,,,,,,
Sibelius-museo,Sibelius Museum,https://survey.glamelab.org/institutions/sibelius-museo,Finland,,Museum,https://sibeliusmuseum.fi,https://www.wikidata.org/wiki/Q4306382,,,Some eligible data,,,Open,None,,Paid,,,11047,Finna.fi,2287,https://www.finna.fi/Search/Results?sort=main_date_str+asc%2Cid+asc&view=grid&filter%5B%5D=free_online_boolean%3A%221%22&filter%5B%5D=%7Eusage_rights_str_mv%3A%22usage_A%22&filter%5B%5D=%7Eusage_rights_str_mv%3A%22usage_B%22&filter%5B%5D=%7Ebuilding%3A%220%2FSibeliusmuseum%2F%22&join=AND&bool0%5B%5D=AND&lookfor0%5B%5D=&type0%5B%5D=AllFields,Finna.fi,8760,https://www.finna.fi/Search/Results?sort=main_date_str+asc%2Cid+asc&view=grid&filter%5B%5D=free_online_boolean%3A%221%22&filter%5B%5D=%7Eusage_rights_str_mv%3A%22usage_A%22&filter%5B%5D=%7Eusage_rights_str_mv%3A%22usage_B%22&filter%5B%5D=%7Ebuilding%3A%220%2FSibeliusmuseumsArkiv%2F%22&join=AND&bool0%5B%5D=AND&lookfor0%5B%5D=&type0%5B%5D=AllFields,,,,,,,,,,,,
Majalah Horison,Horison Magazine,https://survey.glamelab.org/institutions/majalah-horison,Indonesia,,Archive,,https://www.wikidata.org/wiki/Q20427642,2016-01-01,https://commons.wikimedia.org/wiki/Category:Majalah_Horison_tahun_1982,Some eligible data,,,Open,,,N/A,,,295,Wikimedia Commons,295,https://commons.wikimedia.org/wiki/Category:Majalah_Horison,,,,,,,,,,,,,,,
"Musée national d’archéologie, d’histoire et d’art Luxembourg (MNAHA)","National Museum of Archaeology, History and Art Luxembourg (MNAHA)",https://survey.glamelab.org/institutions/musee-national-darcheologie-dhistoire-et-dart-luxembourg-mnaha,Luxembourg,,Museum,https://www.mnaha.lu/fr/,https://www.wikidata.org/wiki/Q2585886,,,All eligible data,https://collections.mnaha.lu/conditions-of-use/,,Public domain,CC0,https://collections.mnaha.lu/conditions-of-use/,Free,,,0,,,,,,,,,,,,,,,,,,
Archivo Nacional Aruba,National Archives of Aruba,https://survey.glamelab.org/institutions/archivo-nacional-aruba,Aruba,,Archive,https://ana.aw/,https://www.wikidata.org/wiki/Q17082115,,,All eligible data,,,Public domain,,,N/A,,,74921,Coleccion Aruba,74921,https://coleccion.aw/browse/?col=archivo-nacional-aruba,,,,,,,,,,,,,,,
Union di Organisacionnan Cultural Arubano,Union of Aruban Cultural Organizations,https://survey.glamelab.org/institutions/union-di-organisacionnan-cultural-arubano,Aruba,,Other,http://unoca.aw/,https://www.wikidata.org/wiki/Q133797066,,,All eligible data,,,Public domain,,,N/A,,,356,Coleccion Aruba,356,https://coleccion.aw/browse/?col=unoca,,,,,,,,,,,,,,,
Museo Arkeologico Nacional Aruba,National Archaeological Museum Aruba,https://survey.glamelab.org/institutions/museo-arkeologico-nacional-aruba,Aruba,,Museum,https://manaruba.org/,https://www.wikidata.org/wiki/Q4785386,,,All eligible data,,,Public domain,,,Free,,,2612,Coleccion Aruba,2612,https://coleccion.aw/browse/?col=mana.aw,,,,,,,,,,,,,,,
Stichting Monumentenfonds Aruba,Monuments Fund of Aruba,https://survey.glamelab.org/institutions/stichting-monumentenfonds-aruba,Aruba,,Other,https://monumentenfondsaruba.org/,https://www.wikidata.org/wiki/Q57342640,,,All eligible data,,,Public domain,,,N/A,,,2732,Coleccion Aruba,2732,https://coleccion.aw/browse/?col=monumentsfundaruba,,,,,,,,,,,,,,,
Plantage Zorg en Hoop,Plantation Zorg en Hoop,https://survey.glamelab.org/institutions/plantage-zorg-en-hoop,Aruba,,Other,https://www.plantagezorgenhoop.nl/,https://www.wikidata.org/wiki/Q1930604,,,All eligible data,,,Public domain,,,N/A,,,3664,Coleccion Aruba,3664,https://coleccion.aw/browse/?col=plantagezorgenhoop,,,,,,,,,,,,,,,
University of Aruba,University of Aruba,https://survey.glamelab.org/institutions/university-of-aruba,Aruba,,University,https://www.ua.aw/,https://www.wikidata.org/wiki/Q2542715,,,Some eligible data,,,Public domain,,,N/A,,,81,Coleccion Aruba,81,https://coleccion.aw/browse/?col=universityofaruba,,,,,,,,,,,,,,,
Departamento di Cultura Aruba,Department of Culture Aruba,https://survey.glamelab.org/institutions/departamento-di-cultura-aruba,Aruba,,Government,https://cultura.aw/,,,,Some eligible data,,,Public domain,,,N/A,,,56,Coleccion Aruba,56,https://coleccion.aw/browse/?col=cultura.aw,,,,,,,,,,,,,,,
Monumentenbureau Aruba,Monuments Bureau Aruba,https://survey.glamelab.org/institutions/monumentenbureau-aruba,Aruba,,Other,https://www.org.aw/m/org/nl/monumentenbureau,https://www.wikidata.org/wiki/Q65767010,,,Some eligible data,,,Public domain,,,N/A,,,281,Coleccion Aruba,281,https://coleccion.aw/browse/?col=monumentenbureau,,,,,,,,,,,,,,,
Telearuba,Aruba TV,https://survey.glamelab.org/institutions/telearuba,Aruba,,Other,https://telearuba.aw/,https://www.wikidata.org/wiki/Q7117914,,,Some eligible data,,,Public domain,,,N/A,,,180,Coleccion Aruba,180,https://coleccion.aw/browse/?col=telearuba,,,,,,,,,,,,,,,
UNESCO Aruba,UNESCO Aruba,https://survey.glamelab.org/institutions/unesco-aruba,Aruba,,Other,https://www.unesco.org/en/countries/aw,https://www.wikidata.org/wiki/Q113111450,,,Some eligible data,,,Public domain,,,N/A,,,36,Coleccion Aruba,36,https://coleccion.aw/browse/?col=unescoaruba,,,,,,,,,,,,,,,
Stichting Rancho,Rancho Foundation,https://survey.glamelab.org/institutions/stichting-rancho,Aruba,,Other,https://www.stichtingrancho.org,https://www.wikidata.org/wiki/Q134062464,,,Some eligible data,,,Public domain,,,N/A,,,434,Coleccion Aruba,434,https://coleccion.aw/browse/?col=stichtingrancho,,,,,,,,,,,,,,,
Biblioteca Nacional Aruba,National Library of Aruba,https://survey.glamelab.org/institutions/biblioteca-nacional-aruba,Aruba,,Library,https://www.bibliotecanacional.aw,https://www.wikidata.org/wiki/Q631808,2019,,All eligible data,,,Public domain,None,,None,,,90684,Wikimedia Commons,212,https://commons.wikimedia.org/wiki/Category:Media_contributed_by_Biblioteca_Nacional_Aruba,Coleccion Aruba,90472,https://coleccion.aw/browse/?col=bibliotecanacionalaruba,,,,,,,,,,,,
Tartu Ülikool,University of Tartu,https://survey.glamelab.org/institutions/tartu-uelikool,Estonia,University of Tartu,University,https://ut.ee/,https://www.wikidata.org/wiki/Q204181,,,Some eligible data,,,Public domain,None,,N/A,,,464,Europeana,464,https://www.europeana.eu/en/collections/organisation/1632-university-of-tartu?page=1&reusability=open,,,,,,,,,,,,,,,
Ruhnu muuseum,Ruhnu Museum,https://survey.glamelab.org/institutions/ruhnu-muuseum,Estonia,Rannarootsi Muuseum,Museum,https://www.visitestonia.com/en/ruhnu-museum,https://www.wikidata.org/wiki/Q16411587,,,Some eligible data,,,Public domain,None,,Paid,,,569,Europeana,548,https://www.europeana.eu/collections/organisation/1482250000046129202-ruhnu-museum?page=1&reusability=open,Wikimedia Commons,21,https://commons.wikimedia.org/wiki/Category:Ruhnu_Museum-Tanud,,,,,,,,,,,,
New South Wales State Archives & Records,New South Wales State Archives & Records,https://survey.glamelab.org/institutions/new-south-wales-state-archives-and-records,Australia,Museum of History New South Wales,Archive,https://www.records.nsw.gov.au/,https://www.wikidata.org/wiki/Q64299595,,,Some eligible data,,,Disclaimer,None,,N/A,,,3901,Flickr Commons,3901,https://www.flickr.com/photos/state-records-nsw/,,,,,,,,,,,,,,,
Connected Culture and Natural Heritage in a Northern Environment,Connected Culture and Natural Heritage in a Northern Environment,https://survey.glamelab.org/institutions/connected-culture-and-natural-heritage-in-a-northern-environment,International,,Other,https://cine.interreg-npa.eu/,,,,Some eligible data,,,Open,None,,None,,,67,Europeana,67,https://www.europeana.eu/en/search?page=1&qf=TYPE%3A%223D%22&qf=DATA_PROVIDER%3A%22Connected%20Culture%20and%20Natural%20Heritage%20in%20a%20Northern%20Environment%22&query=,,,,,,,,,,,,,,,
2Culture Associates,2Culture Associates,https://survey.glamelab.org/institutions/2culture-associates,United Kingdom,,Other,https://2cultureassociates.com/,,,,Some eligible data,,,Open,None,,None,,,5,Europeana,5,https://www.europeana.eu/en/search?page=1&qf=TYPE%3A%223D%22&qf=DATA_PROVIDER%3A%222Culture%20Associates%22&qf=RIGHTS%3A%2A%2Flicenses%2Fby-sa%2F%2A&query=&view=list,,,,,,,,,,,,,,,
Fraserburgh Town House,Fraserburgh Town House,https://survey.glamelab.org/institutions/fraserburgh-town-house,United Kingdom,Aberdeenshire Council,Other,https://www.aberdeenshire.gov.uk/,,,,Some eligible data,,,Open,None,,None,,,4,Art UK,4,https://artuk.org/discover/artworks/view_as/grid/search/2024--licence:search-images-with-a-creative-commons-licence3cc-by-sa--locations:fraserburgh-town-house,,,,,,,,,,,,,,,
Harvard Library,Harvard Library,https://survey.glamelab.org/institutions/harvard-library,United States of America,Harvard University,Library,https://library.harvard.edu/digital-collections,https://www.wikidata.org/wiki/Q3232931,,,All eligible data,https://osc.hul.harvard.edu/programs/open-initiatives/hl-pd,,Public domain,None,,None,https://library.harvard.edu/services-tools/harvard-library-apis-datasets#librarycloud,,0,Own website,0,https://library.harvard.edu/digital-collections,,,,,,,,,,,,,,,
Royal Collection Trust,Royal Collection Trust,https://survey.glamelab.org/institutions/royal-collection-trust,United Kingdom,,Other,https://www.rct.uk/,https://www.wikidata.org/wiki/Q7373957,,,Some eligible data,,,Public domain,None,,None,,,32,Europeana,32,"https://www.europeana.eu/collections/organisation/1482250000004516096-the-royal-collection-trust,-united-kingdom?page=1&reusability=open",,,,,,,,,,,,,,,
Ashwell Village Museum,Ashwell Village Museum,https://survey.glamelab.org/institutions/ashwell-village-museum,United Kingdom,,Museum,https://www.ashwellmuseum.org.uk,https://www.wikidata.org/wiki/Q17554760,,,Some eligible data,,,Open,None,,Paid,,,1,Art UK,1,https://artuk.org/discover/artworks/view_as/grid/search/2024--licence:search-images-with-a-creative-commons-licence3cc-by-sa--locations:banchory-museum,,,,,,,,,,,,,,,
Spårvägsmuseet,Stockholm Transport Museum,https://survey.glamelab.org/institutions/sparvaegsmuseet,Sweden,,Museum,https://sparvagsmuseet.sl.se,https://www.wikidata.org/wiki/Q3132782,,,Some eligible data,,,Disclaimer,None,,Paid,,,250,Flickr Commons,250,https://www.flickr.com/photos/stockholmtransportmuseum_commons/,,,,,,,,,,,,,,,
Southern Methodist University Libraries,Southern Methodist University Libraries,https://survey.glamelab.org/institutions/southern-methodist-university-libraries,United States of America,Southern Methodist University,Library,https://www.smu.edu/libraries,https://www.wikidata.org/wiki/Q1536258,,,Some eligible data,,,Disclaimer,None,,N/A,,,11401,Flickr Commons,11401,https://www.flickr.com/photos/smu_cul_digitalcollections,Own website,0,https://www.smu.edu/libraries/digitalcollections,,,,,,,,,,,,
Yle Elävä arkisto,Yle Archives,https://survey.glamelab.org/institutions/yle-elava-arkisto,Finland,,Archive,https://yle.fi,https://www.wikidata.org/wiki/Q54718,,,Some eligible data,,,Disclaimer,None,,N/A,,,669,Flickr Commons,239,https://www.flickr.com/photos/ylearkisto/,Wikimedia Commons,430,https://commons.wikimedia.org/wiki/Category:Finnish_Broadcasting_Company_Yle_Archives,,,,,,,,,,,,
Yale Center for British Art,Yale Center for British Art,https://survey.glamelab.org/institutions/yale-center-for-british-art,United States of America,Yale University,Research institution,https://britishart.yale.edu,https://www.wikidata.org/wiki/Q6352575,,,All eligible data,https://britishart.yale.edu/collections/using-collections/using-images,,Public domain,Public Domain Mark,https://britishart.yale.edu/collections/using-collections/technology/linked-open-data,None,https://britishart.yale.edu/collections/using-collections/technology/linked-open-data,https://github.com/ycba-cia,52471,Own website,50692,https://collections.britishart.yale.edu/?f%5Brights_ss%5D%5B%5D=public+domain,Art UK,1779,https://artuk.org/discover/artworks/view_as/grid/search/licence:2pd--venue:yale-center-for-british-art-7654,,,,,,,,,,,,
Walters Art Museum,Walters Art Museum,https://survey.glamelab.org/institutions/walters-art-museum,United States of America,,Museum,https://thewalters.org,https://www.wikidata.org/wiki/Q210081,,,All eligible data,https://thewalters.org/about/policies/rights-reproductions/,,Public domain,CC0,https://thewalters.org/about/policies/rights-reproductions/,Free,https://api.thewalters.org,https://github.com/WaltersArtMuseum/walters-api,17635,Own website,17635,https://art.thewalters.org,,,,,,,,,,,,,,,
Minneapolis Institute of Art,Minneapolis Institute of Art,https://survey.glamelab.org/institutions/minneapolis-institute-of-art,United States of America,,Museum,https://new.artsmia.org,https://www.wikidata.org/wiki/Q1700481,,,All eligible data,https://new.artsmia.org/copyright-and-image-access,,Public domain,CC BY,https://new.artsmia.org/copyright-and-image-access,Free,,https://github.com/artsmia,53671,Own website,53671,https://collections.artsmia.org/search/rights_type:%22Public%20Domain%22,,,,,,,,,,,,,,,
Anacostia Community Museum,Anacostia Community Museum,https://survey.glamelab.org/institutions/anacostia-community-museum,United States of America,Smithsonian Institution,Museum,https://anacostia.si.edu,https://www.wikidata.org/wiki/Q483592,,,All eligible data,https://www.si.edu/Termsofuse,https://www.si.edu/openaccess/faq,Public domain,CC0,https://www.si.edu/openaccess/devtools,Free,https://www.si.edu/openaccess/devtools,https://github.com/Smithsonian,205,Own website,205,https://collections.si.edu/search/gallery.htm?og=anacostia-community-museum-archives,,,,,,,,,,,,,,,
Natural History Museum,Natural History Museum,https://survey.glamelab.org/institutions/natural-history-museum,United Kingdom,,Museum,https://www.nhm.ac.uk,https://www.wikidata.org/wiki/Q309388,,,Some eligible data,https://data.nhm.ac.uk/terms-conditions,,Open,CC0,http://data.nhm.ac.uk/terms-conditions,Free,https://data.nhm.ac.uk/about/download,https://github.com/NaturalHistoryMuseum,8326075,Own website,5863088,https://data.nhm.ac.uk/,Own website,85,https://nhm.primo.exlibrisgroup.com/discovery/collectionDiscovery?vid=44NHM_INST:44NHM_V1,Europeana,2462902,https://www.europeana.eu/en/collections/organisation/2009-the-trustees-of-the-natural-history-museum-london?page=1&qf=RIGHTS%3A%2A%2Flicenses%2Fby%2F%2A&reusability=open,Wikimedia Commons,2198,"https://commons.wikimedia.org/wiki/Category:Images_donated_by_the_Natural_History_Museum,_London",,,,,,
Museum Rotterdam,Museum Rotterdam,https://survey.glamelab.org/institutions/museum-rotterdam,Netherlands,,Museum,https://museumrotterdam.nl,https://www.wikidata.org/wiki/Q2130225,,,All eligible data,https://museumrotterdam.nl/collectie/beeldrecht,,Public domain,CC0,https://museumrotterdam.nl/collectie/beeldrecht,Paid,,,70695,Own website,54216,https://museumrotterdam.nl/collectie/zoekresultaten/0/16/&search=*,Europeana,16479,https://www.europeana.eu/search?qf=DATA_PROVIDER%3A%22Museum%20Rotterdam%22&query=&reusability=open,,,,,,,,,,,,
Bibliothèque nationale de Luxembourg,National Library of Luxembourg,https://survey.glamelab.org/institutions/bibliotheque-nationale-de-luxembourg,Luxembourg,,Library,https://www.bnl.public.lu,https://www.wikidata.org/wiki/Q856651,,,Some eligible data,https://eluxemburgensia.lu/en/copyrights,,Public domain,Public Domain Mark,https://eluxemburgensia.lu/en/copyrights,None,https://data.bnl.lu/apis,https://github.com/natliblux,3000,Own website,3000,https://data.bnl.lu/data,,,,,,,,,,,,,,,
Hunt Museum,Hunt Museum,https://survey.glamelab.org/institutions/hunt-museum,Ireland,,Museum,https://www.huntmuseum.com,https://www.wikidata.org/wiki/Q2659085,,,All eligible data,https://www.huntmuseum.com/terms-conditions/,,Public domain,CC BY-SA,https://www.huntmuseum.com/terms-conditions/,Paid,,,3061,Own website,2571,https://www.huntmuseum.com/the-collection,Europeana,490,https://www.europeana.eu/en/search?page=1&qf=DATA_PROVIDER%3A%22The%20Hunt%20Museum%22&query=,,,,,,,,,,,,
Museumsdorf Cloppenburg – Niedersächsisches Freilichtmuseum,Museumsdorf Cloppenburg - Lower Saxony Open Air Museum,https://survey.glamelab.org/institutions/museumsdorf-cloppenburg-niedersaechsisches-freilichtmuseum,Germany,,Museum,https://www.museumsdorf.de,https://www.wikidata.org/wiki/Q605210,,,Some eligible data,,,Open,CC0,https://commons.wikimedia.org/wiki/Category:Museumsdorf_Cloppenburg,Paid,,,48,Wikimedia Commons,48,https://commons.wikimedia.org/wiki/Category:Museumsdorf_Cloppenburg,,,,,,,,,,,,,,,
Leibniz-Institut für Astrophysik Potsdam (AIP),Leibniz Institute for Astrophysics Potsdam (AIP),https://survey.glamelab.org/institutions/leibniz-institut-fuer-astrophysik-potsdam-aip,Germany,,University,https://www.aip.de,https://www.wikidata.org/wiki/Q662864,,,Some eligible data,https://www.plate-archive.org/applause/project/disclaimer,,Public domain,CC0,https://www.plate-archive.org/applause/project/disclaimer,None,,,85000,Own website,85000,https://www.plate-archive.org/applause,,,,,,,,,,,,,,,
Université de Lorraine,University of Lorraine,https://survey.glamelab.org/institutions/universite-de-lorraine,France,,University,https://www.univ-lorraine.fr,https://www.wikidata.org/wiki/Q4173330,,,All eligible data,https://pulsar.univ-lorraine.fr/s/pulsar/page/mentions-legales,,Open,Licence Ouverte,https://pulsar.univ-lorraine.fr/s/pulsar/page/mentions-legales,None,,,1072,Own website,1072,https://pulsar-bu.univ-lorraine.fr,,,,,,,,,,,,,,,
Musée des Augustins,Augustins Museum,https://survey.glamelab.org/institutions/musee-des-augustins,France,,Museum,https://www.augustins.org,https://www.wikidata.org/wiki/Q2711480,,,Some eligible data,https://www.archives.toulouse.fr/documents/10184/304419/2017-06-23_Deliberation_17-0360_signee.pdf/d38aad4b-d328-4c9a-931f-d7a175fc9bd0,,Open,ODbL,https://www.archives.toulouse.fr/documents/10184/304419/2017-06-23_Deliberation_17-0360_signee.pdf/d38aad4b-d328-4c9a-931f-d7a175fc9bd0,Temporarily closed,,,936,Wikimedia Commons,936,https://commons.wikimedia.org/wiki/Category:Media_contributed_by_the_Mus%C3%A9e_des_Augustins_de_Toulouse,,,,,,,,,,,,,,,
Musée d'art et d'histoire de Saint-Brieuc,Museum of Art and History of Saint-Brieuc,https://survey.glamelab.org/institutions/musee-dart-et-dhistoire-de-saint-brieuc,France,,Museum,https://www.saint-brieuc.fr/ville-dynamique/equipements-culturels/musee-dart-et-dhistoire,https://www.wikidata.org/wiki/Q3329624,,,Some eligible data,,,Open,ODbL,https://datarmor.cotesdarmor.fr/pages/mentions-legales,Free,https://datarmor.cotesdarmor.fr/,,48,Wikimedia Commons,48,https://commons.wikimedia.org/wiki/Category:Collections_of_the_Mus%C3%A9e_d%27art_et_d%27histoire_de_Saint-Brieuc,,,,,,,,,,,,,,,
Bibliothèque virtuelle sur les premiers socialismes,Virtual Library on Early Socialisms,https://survey.glamelab.org/institutions/bibliotheque-virtuelle-sur-les-premiers-socialismes,France,,Library,https://premierssocialismes.edel.univ-poitiers.fr/,https://www.wikidata.org/wiki/Q121266078,,,Some eligible data,,,Public domain,Licence Ouverte,https://premierssocialismes.edel.univ-poitiers.fr/credits,None,,,177,Europeana,177,https://www.europeana.eu/en/collections/organisation/4084-virtual-library-on-the-first-socialisms?page=1&reusability=open,,,,,,,,,,,,,,,
Bibliothèque municipale de Lyon,Municipal Library of Lyon,https://survey.glamelab.org/institutions/bibliotheque-municipale-de-lyon,France,,Library,https://www.bm-lyon.fr,https://www.wikidata.org/wiki/Q8622,,,Some eligible data,,,Public domain,CC0,https://numelyo.bm-lyon.fr/conditions_utilisation,None,,,30000,Own website,30000,https://numelyo.bm-lyon.fr,,,,,,,,,,,,,,,
Archives municipales de Toulouse,Municipal Archives of Toulouse,https://survey.glamelab.org/institutions/archives-municipales-de-toulouse,France,,Archive,https://www.archives.toulouse.fr,https://www.wikidata.org/wiki/Q2860540,,,Some eligible data,https://www.archives.toulouse.fr/nous-connaitre/reutilisation-des-donnees-publiques-oeuvres-et-bases-de-donnees,,Public domain,ODbL,https://www.archives-lyon.fr/pages/donnees-ouvertes,None,,,27385,Own website,26731,https://basededonnees.archives.toulouse.fr/4DCGI/Web_Script_Lit_Requete/34_431/ILUMP5149,Flickr,654,https://www.flickr.com/photos/archives-toulouse/sets/,,,,,,,,,,,,
Kansalliskirjasto,National Library of Finland,https://survey.glamelab.org/institutions/kansalliskirjasto,Finland,,Library,https://www.kansalliskirjasto.fi,https://www.wikidata.org/wiki/Q420747,,,All eligible data,https://www.kansalliskirjasto.fi/en/collections/availability-and-use-materials,,Public domain,CC0,https://data.nationallibrary.fi/,None,https://data.nationallibrary.fi/,,1179183,Europeana,1153612,https://www.europeana.eu/en/collections/organisation/4550-national-library-of-finland?page=1&reusability=open,Finna.fi,25571,https://www.finna.fi/Search/Results?sort=author%2Cid+asc&limit=0&view=grid&filter%5B%5D=free_online_boolean%3A%221%22&filter%5B%5D=%7Eusage_rights_str_mv%3A%22usage_B%22&filter%5B%5D=%7Eusage_rights_str_mv%3A%22usage_A%22&filter%5B%5D=%7Ebuilding%3A%220%2FNLF%2F%22&filter%5B%5D=%7Eusage_rights_ext_str_mv%3A%220%2FA+Free%2F%22&type=AllFields,,,,,,,,,,,,
"Royal Pavilion & Museums Trust, Brighton & Hove","Royal Pavilion & Museums Trust, Brighton & Hove",https://survey.glamelab.org/institutions/royal-pavilion-and-museums-trust-brighton-and-hove,United Kingdom,,Museum,https://brightonmuseums.org.uk,https://www.wikidata.org/wiki/Q2790574,,,All eligible data,https://brightonmuseums.org.uk/wp-content/uploads/2022/07/RPMT-IPR-Repro-Policy-2020-2025.pdf,,Public domain,CC0,https://brightonmuseums.org.uk/wp-content/uploads/2022/07/RPMT-IPR-Repro-Policy-2020-2025.pdf,Paid,,,0,Own website,0,https://collections.brightonmuseums.org.uk/,,,,,,,,,,,,,,,
Museo Nacional de Historia Natural de Uruguay,National Museum of Natural History of Uruguay,https://survey.glamelab.org/institutions/museo-nacional-de-historia-natural-de-uruguay,Uruguay,,Museum,https://www.mna.gub.uy/innovaportal/v/3811/14/mecweb/museo-nacional-de-historia-natural,https://www.wikidata.org/wiki/Q3328392,,,Some eligible data,,,Open,None,,Paid,,,490,Wikimedia Commons,490,https://commons.wikimedia.org/wiki/Category:Files_provided_by_Museo_Nacional_de_Historia_Natural_de_Uruguay,,,,,,,,,,,,,,,
Museo Histórico Nacional de Uruguay,National Historical Museum of Uruguay,https://survey.glamelab.org/institutions/museo-historico-nacional-de-uruguay,Uruguay,,Museum,https://www.museohistorico.gub.uy,https://www.wikidata.org/wiki/Q18622940,,,Some eligible data,,,Public domain,None,,Paid,,,0,Wikimedia Commons,This category contains only the following file.,https://commons.wikimedia.org/wiki/Category:Museo_Hist%C3%B3rico_Nacional_de_Uruguay,,,,,,,,,,,,,,,
Museo Zorrilla,Zorrilla Museum,https://survey.glamelab.org/institutions/museo-zorrilla,Uruguay,,Museum,https://www.museozorrilla.gub.uy,https://www.wikidata.org/wiki/Q17364443,,,Some eligible data,,,Public domain,None,,Information needed,,,32,autores.uy,32,https://autores.uy/colecciones/833,,,,,,,,,,,,,,,
Museo Nacional de Artes Visuales,National Museum of Visual Arts,https://survey.glamelab.org/institutions/museo-nacional-de-artes-visuales,Uruguay,,Museum,https://mnav.gub.uy/cms.php,https://www.wikidata.org/wiki/Q1786577,,,Some eligible data,https://mnav.gub.uy/cms.php?id=datosabiertos,,Public domain,None,,Information needed,,,705,autores.uy,705,https://autores.uy/colecciones/234,,,,,,,,,,,,,,,
Intendencia de Maldonado,Maldonado Department,https://survey.glamelab.org/institutions/intendencia-de-maldonado,Uruguay,,Government,https://www.maldonado.uy,https://www.wikidata.org/wiki/Q21515142,,,Some eligible data,,,Public domain,None,,None,,,30,autores.uy,30,https://autores.uy/colecciones/765,,,,,,,,,,,,,,,
Colección Amadeo León,Amadeo León Collection,https://survey.glamelab.org/institutions/coleccion-amadeo-leon,Venezuela,,Archive,https://fotoleonbocono.tumblr.com,https://www.wikidata.org/wiki/Q64605016,,,Some eligible data,https://fotoleonbocono.tumblr.com/post/174576043211/flickr-commons,,Disclaimer,None,,None,,,12558,Flickr Commons,12558,https://www.flickr.com/photos/bocono,,,,,,,,,,,,,,,
Centro de Fotografía de Montevideo,Montevideo Photography Center,https://survey.glamelab.org/institutions/centro-de-fotografia-de-montevideo,Uruguay,,Other,https://cdf.montevideo.gub.uy,https://www.wikidata.org/wiki/Q5761789,,,Some eligible data,,,Public domain,None,,None,,,3863,Wikimedia Commons,3863,https://commons.wikimedia.org/wiki/Category:Files_provided_by_Centro_de_Fotograf%C3%ADa_de_Montevideo,,,,,,,,,,,,,,,
Biblioteca Comunitaria Paco Espínola,Paco Espínola Community Library,https://survey.glamelab.org/institutions/biblioteca-comunitaria-paco-espinola,Uruguay,,Library,https://www.facebook.com/bibliotecacomunitariapaco.espinola,https://www.wikidata.org/wiki/Q76891129,,,Some eligible data,,,Public domain,None,,None,,,31,autores.uy,31,https://autores.uy/colecciones/983,,,,,,,,,,,,,,,
Yale University Art Gallery,Yale University Art Gallery,https://survey.glamelab.org/institutions/yale-university-art-gallery,United States of America,Yale University,Gallery,https://artgallery.yale.edu,https://www.wikidata.org/wiki/Q1568434,,,All eligible data,https://artgallery.yale.edu/using-images,,Public domain,None,,Free,,,87847,Own website,87847,https://artgallery.yale.edu,,,,,,,,,,,,,,,
Intendencia de Canelones,Canelones Department,https://survey.glamelab.org/institutions/intendencia-de-canelones,Uruguay,,Government,https://www.imcanelones.gub.uy,https://www.wikidata.org/wiki/Q5918772,,,Some eligible data,,,Public domain,None,,None,,,30,autores.uy,30,https://autores.uy/colecciones/718,,,,,,,,,,,,,,,
Biblioteca Francisco Schinca,Francisco Schinca Library,https://survey.glamelab.org/institutions/biblioteca-francisco-schinca,Uruguay,,Library,https://bibliotecas.montevideo.gub.uy/bibliotecas/biblioteca-francisco-schinca,https://www.wikidata.org/wiki/Q76891132,,,Some eligible data,,,Public domain,None,,None,,,43,autores.uy,43,https://autores.uy/colecciones/953,,,,,,,,,,,,,,,
Fundación Felisberto Hernández,Felisberto Hernández Foundation,https://survey.glamelab.org/institutions/fundacion-felisberto-hernandez,Uruguay,,Other,https://www.felisberto.org.uy,https://www.wikidata.org/wiki/Q76885777,,,Some eligible data,,,Public domain,None,,None,,,13,autores.uy,13,https://autores.uy/colecciones/635,,,,,,,,,,,,,,,
Yale University Library,Yale University Library,https://survey.glamelab.org/institutions/yale-university-library,United States of America,Yale University,Library,https://web.library.yale.edu,https://www.wikidata.org/wiki/Q2583293,,,All eligible data,https://guides.library.yale.edu/about/policies/access,,Public domain,None,,None,,https://github.com/yalelibrary,0,Own website,0,https://web.library.yale.edu,,,,,,,,,,,,,,,
Biblioteca del Poder Legislativo,Legislative Power Library,https://survey.glamelab.org/institutions/biblioteca-del-poder-legislativo,Uruguay,,Library,https://biblioteca.parlamento.gub.uy/biblioteca,https://www.wikidata.org/wiki/Q27991474,,,Some eligible data,,,Public domain,None,,None,,,82,autores.uy,82,https://autores.uy/colecciones/192,,,,,,,,,,,,,,,
Biblioteca de ACSUN,ACSUN Library,https://survey.glamelab.org/institutions/biblioteca-de-acsun,Uruguay,,Library,https://acsunuruguaynegro.blogspot.com,https://www.wikidata.org/wiki/Q43339299,,,Some eligible data,,,Public domain,None,,None,,,25,autores.uy,25,https://autores.uy/colecciones/1140,,,,,,,,,,,,,,,
Wilson County Public Library,Wilson County Public Library,https://survey.glamelab.org/institutions/wilson-county-public-library,United States of America,,Library,https://www.wilsoncountypubliclibrary.org,https://www.wikidata.org/wiki/Q69482124,,,Some eligible data,,,Public domain,None,,None,,,2739,Wikimedia Commons,2739,https://commons.wikimedia.org/wiki/Category:Media_contributed_by_Wilson_County_Public_Library,,,,,,,,,,,,,,,
Yadkin County Public Library,Yadkin County Public Library,https://survey.glamelab.org/institutions/yadkin-county-public-library,United States of America,,Library,https://nwrlibrary.org/yadkin,https://www.wikidata.org/wiki/Q69856790,,,Some eligible data,,,Public domain,None,,None,,,1905,Wikimedia Commons,1905,https://commons.wikimedia.org/wiki/Category:Media_contributed_by_Yadkin_County_Public_Library,,,,,,,,,,,,,,,
